{"train_loss": 0.033966064453125, "_timestamp": 1719230995.2898698, "_runtime": 1669.8160116672516, "_step": 3, "eval_loss": 0.03394317626953125}