{"epoch": 1, "train_loss": NaN, "val_loss": NaN, "_timestamp": 1719489077.5997124, "_runtime": 224.72761940956116, "_step": 0}