{"epoch": 1, "train_loss": NaN, "val_loss": NaN, "_timestamp": 1719489763.2391622, "_runtime": 222.25924015045166, "_step": 0}